{
  "stability_analysis": {},
  "selection_distribution": {},
  "performance_trends": {
    "accuracy": {
      "mean": 0.8539,
      "std": 0.20004436174675522,
      "min": 0.4164,
      "max": 0.9776
    },
    "loss": {
      "mean": 0.47043043650704536,
      "std": 0.6290229575288101,
      "min": 0.080097787918606,
      "max": 1.848073912274306
    }
  },
  "total_rounds": 6,
  "training_time": 345.45805,
  "dataset": "mnist",
  "client_selection_strategy": "hybrid",
  "num_clients": 10
}