{
    "total_rounds": 10,
    "client_selection_fraction": 0.1,
    "final_global_accuracy": 0.8551,
    "final_global_loss": 0.48177631596882886,
    "client_performance": {
        "2": {
            "final_accuracy": 0.9587912087912088,
            "final_loss": 0.11382564110681415
        }
    }
}