{
    "total_rounds": 10,
    "client_selection_fraction": 0.1,
    "final_global_accuracy": 0.7615,
    "final_global_loss": 0.9844601241925273,
    "client_performance": {
        "8": {
            "final_accuracy": 0.9839357429718876,
            "final_loss": 0.053698266585342935
        }
    }
}