{
    "total_rounds": 10,
    "client_selection_fraction": 0.1,
    "final_global_accuracy": 0.6875,
    "final_global_loss": 0.987952273874618,
    "client_performance": {
        "3": {
            "final_accuracy": 0.9806714140386572,
            "final_loss": 0.06973042465641253
        }
    }
}