{
    "total_rounds": 500,
    "client_selection_fraction": 0.1,
    "final_global_accuracy": 0.9157,
    "final_global_loss": 0.41690997992890816,
    "client_performance": {
        "1": {
            "final_accuracy": 0.980246913580247,
            "final_loss": 0.10681637465703323
        }
    }
}