{
  "stability_analysis": {},
  "selection_distribution": {},
  "performance_trends": {
    "accuracy": {
      "mean": 0.7258499999999999,
      "std": 0.2805851668091764,
      "min": 0.2009,
      "max": 0.9616
    },
    "loss": {
      "mean": 0.8041211693649496,
      "std": 0.7843075711611216,
      "min": 0.13149757058935085,
      "max": 2.2511334009231274
    }
  },
  "total_rounds": 6,
  "training_time": 211.576583,
  "dataset": "mnist",
  "client_selection_strategy": "hybrid",
  "num_clients": 10
}