{
    "total_rounds": 10,
    "client_selection_fraction": 0.1,
    "final_global_accuracy": 0.8248,
    "final_global_loss": 0.803469424192517,
    "client_performance": {
        "6": {
            "final_accuracy": 0.9831973115698511,
            "final_loss": 0.04551827542394621
        }
    }
}